{"cameraMode":{"drawMode":0,"name":"Shaded","section":"Shading Mode"},"sceneLighting":false,"audioPlay":false,"sceneViewState":{"showFog":true,"showMaterialUpdate":false,"showSkybox":false,"showFlares":true,"showImageEffects":true,"showParticleSystems":true},"in2DMode":false,"pivot":{"x":-6.453727722167969,"y":-1.3780161142349244,"z":7.36201286315918},"rotation":{"x":-0.2234436571598053,"y":-0.2840006649494171,"z":0.068238765001297,"w":-0.9299299120903015},"size":16.472925186157228,"orthographic":false}