{"cameraMode":{"drawMode":0,"name":"Shaded","section":"Shading Mode"},"sceneLighting":true,"audioPlay":false,"sceneViewState":{"showFog":true,"showMaterialUpdate":false,"showSkybox":true,"showFlares":true,"showImageEffects":true,"showParticleSystems":true},"in2DMode":false,"pivot":{"x":11.45783519744873,"y":-6.821362495422363,"z":6.356403350830078},"rotation":{"x":-0.24679163098335267,"y":-0.17843787372112275,"z":0.046287652105093,"w":-0.9513779878616333},"size":44.49215316772461,"orthographic":false}