{"cameraMode":{"drawMode":0,"name":"Shaded","section":"Shading Mode"},"sceneLighting":false,"audioPlay":false,"sceneViewState":{"showFog":true,"showMaterialUpdate":false,"showSkybox":false,"showFlares":true,"showImageEffects":true,"showParticleSystems":true},"in2DMode":false,"pivot":{"x":0.7206287384033203,"y":0.9599028825759888,"z":-1.3858715295791627},"rotation":{"x":-0.18672682344913484,"y":-0.3323017656803131,"z":0.06729498505592346,"w":-0.9220544695854187},"size":1.1804702281951905,"orthographic":false}